account_id;customer_document_id;company_id;industry;measure_name;document_net_value_total;net_price_per_unit;quantity;position_item_quantity;net_value_total;product_id;service_id;supply_product_name;drafts_supply_product_name;supply_service_name;drafts_supply_service_name;drafts_description;supply_product_description;supply_product_category;supply_catalog_name;ean;supply_product_manufacturer;unit_type;document_created_at;record_type;product_name;is_pv_module;Reasoning;Confidence
0013V00000irocuQAA;9797288;54744;Elektrotechnik;Energietechnik;18.380,81;77;52;;4.004;GNkWvNHa0AA;;Photovoltaikmodul;Photovoltaikmodul;;;<p>Trina Vertex S+ 450W</p><p>- Modulleistung: 450Wp</p><p>- Solarzellen: N-Typ i-TOPCon Modul </p><p>- Modulmaße: 1762x1134x30mm </p><p>- Doppelglas </p><p>- 5400Pa Schneelast </p><p>- 4000Pa Windlast </p><p>- 25 Jahre Produktgarantie </p><p>- 30 Jahre Leistungsgaranti </p><p>- N-Typ Technologie mit 1% Degradation im ersten Jahr und 0,4% in den Jahren 2-30 </p>;<p>Trina Vertex S+ 450W</p><p>- Modulleistung: 450Wp</p><p>- Solarzellen: N-Typ i-TOPCon Modul </p><p>- Modulmaße: 1762x1134x30mm </p><p>- Doppelglas </p><p>- 5400Pa Schneelast </p><p>- 4000Pa Windlast </p><p>- 25 Jahre Produktgarantie </p><p>- 30 Jahre Leistungsgaranti </p><p>- N-Typ Technologie mit 1% Degradation im ersten Jahr und 0,4% in den Jahren 2-30 </p>;;;;;Stk;März 10, 2025, 08:15;product;Photovoltaikmodul;1;Einzelmodul Trina Vertex S+ 450Wp, N‑Type i‑TOPCon Technologie, Doppelglas — klare Modulbeschreibung (Wp angegeben).;0.99
001Tq000004DdUJIA0;13199054;59093;Photovoltaik;Photovoltaik;13.334,81;69,78;10;;697,8;GBee9njogAA;;Hochleistungsmodule 445W Trina Vertex S+ Glas/Glas Black Frame;Hochleistungsmodule 445W Trina Vertex S+ Glas/Glas Black Frame;;;<p><span>• Nennleistung pro Modul: 445 Wp</span><br /></p><div><div>• Rahmenfarbe: Schwarz</div><div>• Modulabmessung: 1762 x 1134 x 30 mm</div><div>• 30 Jahre lineare Leistungsgarantie</div><div>• 25 Jahre Produktgarantie</div></div>;<p><span>• Nennleistung pro Modul: 445 Wp</span><br /></p><div><div>• Rahmenfarbe: Schwarz</div><div>• Modulabmessung: 1762 x 1134 x 30 mm</div><div>• 30 Jahre lineare Leistungsgarantie</div><div>• 25 Jahre Produktgarantie</div></div>;;;;;Stk;Oktober 9, 2025, 15:24;product;Hochleistungsmodule 445W Trina Vertex S+ Glas/Glas Black Frame;1;Trina Vertex S+ 445Wp Glas/Glas Modul (Einzelmodul, Wp angegeben, Produkt- und Leistungsgarantien).;0.99
001Tq000007fsTTIAY;12029532;63014;Photovoltaik;Photovoltaik;16.960,81;139,31;12;;1.671,72;GOLkEgA9EAA;;Glas-Glas Solarmodule 460W Full Black;Glas-Glas Solarmodule 460W Full Black;;;"<div><div><br class=""Apple-interchange-newline"" />Hersteller: Aiko</div></div><div><div><br /></div></div><div><div>Garantie:</div><ul><li>30 Jahre Produktgarantie</li><li>30 Jahre Leistungsgarantie (min. 88.85%)</li></ul></div><div><div>Technische Daten:</div><ul><li>Leistung: 460 Watt</li><li>n-typ ABC Technologie</li><li>Modulwirkungsgrad: 23,1%</li></ul></div><div></div><div><div><div><div>Abmessungen &amp; Gewicht:</div></div></div><div><div><ul><li>Länge: 1757mm</li><li>Breite: 1134mm</li><li>Rahmenhöhe: 30mm</li><li>Gewicht: 24,5 Kg</li><li>Farbe: Schwarz</li></ul></div></div></div>";"<div><div><br class=""Apple-interchange-newline"" />Hersteller: Aiko</div></div><div><div><br /></div></div><div><div>Garantie:</div><ul><li>25 Jahre Produktgarantie</li><li>30 Jahre Leistungsgarantie (min. 88.85%)</li></ul></div><div><div>Technische Daten:</div><ul><li>Leistung: 460 Watt</li><li>n-typ ABC Technologie</li><li>Modulwirkungsgrad: 23,1%</li></ul></div><div></div><div><div><div><div>Abmessungen &amp; Gewicht:</div></div></div><div><div><ul><li>Länge: 1757mm</li><li>Breite: 1134mm</li><li>Rahmenhöhe: 30mm</li><li>Gewicht: 24,5 Kg</li><li>Farbe: Schwarz</li></ul></div></div></div>";Module;;;Aiko;Stk;Juli 30, 2025, 12:18;product;Glas-Glas Solarmodule 460W Full Black;1;Aiko Glas‑Glas Solarmodul 460W, n‑Typ ABC Technologie, Full‑Black — eindeutig PV‑Modul (Wp angegeben).;0.99
0013V00000awKDpQAM;12205737;43169;Photovoltaik;Photovoltaik mit Speicher;19.919,4;105;13;;1.365;GiyxNR3WcAA;;ODER: Solar Fabrik 450W S4 Trend Full Black, Doppelglas, bifazial;Solar Fabrik 450W S4 Trend Full Black, Doppelglas, bifazial;;;"<div><div><b>Solar Fabrik Mono S4 Halfcut, Trend Full Black Glas/Glas</b></div><p>Die Solar Fabrik Solarmodule bestechen durch hohe Effizienz, Sicherheit und Zuverlässigkeit. Die Produktgarantie und die Leistungsgarantie belaufen sich auf großzügige 30 Jahre. Sie sind somit im hohen Bereich angesiedelt. </p><p>Die höhere Leistung je Modul kommt durch größere Zellen zustande und führt in der Anwendung auch zu etwas größeren Modulmaßen. </p></div><div><div><b>Modulhersteller Solar Fabrik</b></div><p>Das familiengeführte Unternehmen aus Deutschland besticht durch langjährige Erfahrung im Solarmarkt, Sicherheit und Zuverlässigkeit. Die optisch ansprechenden Module mit deutscher Garantie befinden sich im gehobenen Leistungsbereich.</p></div><div><br class=""Apple-interchange-newline"" /></div>";"<div><div><b>Solar Fabrik Mono S4 Halfcut, Trend Full Black Glas/Glas</b></div><p>Die Solar Fabrik Solarmodule bestechen durch hohe Effizienz, Sicherheit und Zuverlässigkeit. Die Produktgarantie und die Leistungsgarantie belaufen sich auf großzügige 30 Jahre. Sie sind somit im hohen Bereich angesiedelt. </p><p>Die höhere Leistung je Modul kommt durch größere Zellen zustande und führt in der Anwendung auch zu etwas größeren Modulmaßen. </p></div><div><div><b>Modulhersteller Solar Fabrik</b></div><p>Das familiengeführte Unternehmen aus Deutschland besticht durch langjährige Erfahrung im Solarmarkt, Sicherheit und Zuverlässigkeit. Die optisch ansprechenden Module mit deutscher Garantie befinden sich im gehobenen Leistungsbereich.</p></div><div><br class=""Apple-interchange-newline"" /></div>";Module;;;Solar Fabrik;Stk;August 11, 2025, 14:35;product;ODER: Solar Fabrik 450W S4 Trend Full Black, Doppelglas, bifazial;1;Solar Fabrik Modul 450W, Glas/Glas, bifazial, Full Black — Einzelmodul mit Wp‑Angabe und Modultechnologie.;0.99
001Tq00000AgtK6IAJ;9507309;65227;Photovoltaik;Photovoltaik mit Speicher;12.829,24;97,4;17;;1.655,8;GS77Ch2usAE;;VIESSMANN Vitovolt 300-DG M450 AO blackframe;Vitovolt 300-DG M450 AO blackframe;;;"<div>
<p>Hochwertiges PV-Modul mit modernster TOPCon-Technologie in Glas/Glas-Bauweise</p><div><ul><li>Leistung 450W</li><li>100% Plussortierung +0 bis +5W</li><li>25 Jahre Produktgarantie durch Hersteller</li><li>30 Jahre Leistungsgarantie durch Hersteller</li></ul><p>Abmaße in mm: 1762x1134x30</p></div></div>";"
<p>Hochwertiges PV-Modul mit modernster TOPCon-Technologie in Glas/Glas-Bauweise</p><div><ul><li>Leistung 450W</li><li>100% Plussortierung +0 bis +5W</li><li>25 Jahre Produktgarantie durch Hersteller</li><li>30 Jahre Leistungsgarantie durch Hersteller</li></ul><p>Abmaße in mm: 1762x1134x30<br />Gewicht: 21,5 kg</p><p><br /></p></div>";;;4067764443838.0;;Stk;Februar 19, 2025, 08:35;product;VIESSMANN Vitovolt 300-DG M450 AO blackframe;1;PV‑Modul Vitovolt 450W, TOPCon Technologie, Glas/Glas Bauweise — eindeutiges Photovoltaikmodul (Wp angegeben).;0.99
0013V00000e5vxMQAQ;10894699;47604;Photovoltaik;Photovoltaik Commercial;19.720;120;20;;2.400;FrqKvr__0AA;;Modul 455 W: Jolywood 455 Wattpeak;450 W Bifazial Glas/Glas, Fullblack: JW-HD108N-450W ;;;<div><p>- 25 Produkt- und 30 Jahre Leistungsgarantie</p><p>- Leistung: 450 Watt</p></div><div><p>- Bypass-Dioden</p><p>- Monokritsalline Fullblack Solarmodule</p><p>- Bifazial</p></div>;<div><p>Produktvorteile:</p></div><div><ul><li>Doppelglas Full Black</li><li>Überragende Leistung: Das Jolywood Modul optimiert die Energiegewinnung durch seine bifaziale Bauweise, die es ermöglicht, Licht von beiden Seiten zu nutzen und somit den Energieertrag signifikant zu steigern.</li><li>Langlebigkeit und Zuverlässigkeit: Entwickelt, um über 30 Jahre hinweg eine minimale Degradation zu gewährleisten, bietet dieses Modul eine zuverlässige und dauerhafte Energielösung.</li><li>25 Jahre Produktgarantie</li></ul></div><div><div>Technische Spezifikationen:</div><ul><li>Energieeffizienz: 22,52%</li><li>Abmessungen: 1762mm x 1134mm x 30mm</li><li>Gewicht: 24.6 kg</li></ul></div><div><ul><li>Maximale Leistung: 455 Watt</li><li>Bypass-Dioden</li><li>Bifazial</li><li>Monokritsalline Fullblack Solarmodule</li></ul><p><br /></p></div><div><p><br /></p></div>;Solarmodul;;;;Stk;Mai 20, 2025, 10:27;product;Modul 455 W: Jolywood 455 Wattpeak;1;Jolywood Doppelglas Full Black, bifazial, 455Wp — klar als Solarmodul mit Wp‑Angabe und technischen Daten beschrieben.;0.99
0013V00000e4oQyQAI;11042339;46216;Photovoltaik;Projekt;14.450;64;34;;2.176;FsycHO8j8AA;;Aiko Neostar 2S+ A-MAH54Db 460W;Trina Modul Vertex S+ N-Type - 440W;;;"<div><span style=""font-size:10px;"">Das Photovoltaik Modul Trina 440 W aus derSerie&nbsp;Vertex S+&nbsp;besteht aus monokristallinen Zellen mit einer Siliziumwafergröße&nbsp;210 mm in i-TOPcon N-Zelltechnologie. Vertex S+ verfügt über mehrere innovative Konstruktionsmerkmale, um eine hohe Ausgangsleistung zu erzielen.Der ausgezeichnete Temperaturkoeffizient und die niedrige Strahlungseffizienz bringen mehr Leistung.&nbsp;Darüber hinaus erreicht der Wirkungsgrad der Module Vertex S+ dank der hochdichten Verbindungen bis zu 21,8%.</span></div><div><br></div><div><font><span style=""font-size:10px;""><b>Technische Daten:&nbsp;</b></span></font></div><div><ul><li><span style=""font-size:10px;"">30 Jahre Garantie auf die Ausgangsleistung</span></li><li><span style=""font-size:10px;"">25 Jahre Garantie auf Material und Ausführung</span></li><li><span style=""font-size:10px;"">das Modul ist komplett schwarz gehalten (Full-Black Modul)</span></li><li><span style=""font-size:10px;"">Glas auf der Vorder- und Rückseite des Photovoltaik Moduls (Glas-Glas Modul)</span></li><li><span style=""font-size:10px;"">Geringere Installationskosten durch höhere Leistung und Effizienz</span></li><li><span style=""font-size:10px;"">Hoher und stabiler Wirkungsgrad von bis zu&nbsp;21.8%&nbsp;dank innovativer Fertigungstechnologie</span></li><li><span style=""font-size:10px;"">Positive Leistungstoleranz bis +5 W</span></li><li><span style=""font-size:10px;"">minimierte Mikrorisse dank innovativer, zerstörungsfreier Schneidetechnik</span></li><li><span style=""font-size:10px;"">Großflächige Zellen auf Siliziumwafern 210 mm</span></li><li><span style=""font-size:10px;"">Multi-Busbar-Technologie bietet einen besseren Lichteinfang-Effekt</span></li><li><span style=""font-size:10px;"">Hervorragende Leistung auch bei geringer Sonneneinstrahlung</span></li><li><span style=""font-size:10px;"">Mechanische Leistung bis zu 5400 Pa bei Schneelast und 4000 Pa bei Windlast</span></li></ul></div><div><font><span style=""font-size:10px;""><b><br></b></span></font></div>";"<div><span style=""font-size:10px;""><br /></span></div><div>
<span style=""font-size:10px;"">Entdecke die Spitze der Solartechnologie mit dem Aiko Solar
Neostar 2S+ 460W, auch bekannt als AIKO-A-MAH54Db,
einem Premium-Solarmodul, das Effizienz mit Eleganz
vereint. Als führender Hersteller in der Solarbranche
revolutioniert Aiko Solar die Photovoltaik mit seiner
innovativen All-Back-Contact (ABC) Technologie. Das AIKOA-MAH54Db PV Modul sticht mit einem außergewöhnlichen
Wirkungsgrad von 22,8 % und seinem vollschwarzen Design
heraus, das jede Anlage optisch aufwertet und maximale
Energieerträge liefert.</span></div><div><br /></div><div><font><span style=""font-size:10px;""><b>Technische Daten: </b></span></font></div><div><ul><li><span style=""font-size:10px;"">30 Jahre Leistungsgarantie (linear)</span></li><li><span style=""font-size:10px;"">25 Jahre Produktgarantie</span></li><li><span style=""font-size:10px;"">das Modul ist komplett schwarz gehalten (Full-Black Modul)</span></li><li><span style=""font-size:10px;"">Glas auf der Vorder- und Rückseite des Photovoltaik Moduls (Glas-Glas Modul)</span></li><li><span style=""font-size:10px;"">Geringere Installationskosten durch höhere Leistung und Effizienz</span></li><li><span style=""font-size:10px;"">Hoher und stabiler Wirkungsgrad von bis zu 23,1% dank innovativer Fertigungstechnologie</span></li><li><span style=""font-size:10px;"">Partielle Verschattungsoptimierung</span></li><li><span style=""font-size:10px;"">Geringere Zelltemperatur bei Verschattung (dadurch nicht sehr hoher Verschleiß)</span></li><li><span style=""font-size:10px;"">Keine sichtbaren Kontakte auf der Zellvorderseite; dieses steigert die Effizienz und ist ästhetischer</span></li></ul></div>";Solarmodul;;;Trina;Stk;Mai 28, 2025, 12:17;product;Aiko Neostar 2S+ A-MAH54Db 460W;1;Aiko/Trina Modul (Full‑Black, Glas‑Glas, 460W, ABC/All‑Back‑Contact Technologie) — eindeutiges PV‑Modul.;0.99
0013V00000UhYBbQAN;9725069;33366;Elektrotechnik;Projekt;15.424,3;193;10;;1.930;Fwumo240IAA;;PV Module TRN. 440 Wp-Full Black,Bifacial, Glas Glas (inkl. Montage);PV Module 435 Wp NEG9 Vertex S Black Frame (Glas-Glas) ;;;"<ul><li><span style=""font-size:8px;"">Modultyp:</span><span style=""font-size:8px;"">&nbsp;Vertex S+ Glas-Glas black frame</span></li><li><span style=""font-size:8px;"">Brandschutz</span></li><li><span style=""font-size:8px;"">Leistung: 435 Wp</span></li><li><span style=""font-size:8px;"">Hervorragende Optik -&nbsp;</span><span style=""font-size:8px;"">Entwickelt mit Fokus auf Ästhetik</span><span style=""font-size:8px;"">,&nbsp;</span><span style=""font-size:8px;"">Hauchdünne, praktisch unsichtbare Leiterbahnen • Homogene Zellfarbe durch maschinelle Sortierung</span></li><li><span style=""font-size:8px;"">Kleine Maße, große Leistung -&nbsp;</span><span style=""font-size:8px;"">Bis zu 435 W Spitzenleistung, 21,3 % Modulwirkungsgrad mit High-Density Zellverbindungstechnologie,&nbsp;</span><span style=""font-size:8px;"">Multi-Busbar-Technologie für mehr Absorption, geringeren Serien- widerstand, verbesserte Stromableitung und erhöhte Zuverlässigkeit,&nbsp;</span><span style=""font-size:8px;"">Exzellentes Schwachlichtverhalten (IAM) durch optimierte Zellprozesse und Materialien</span></li><li><span style=""font-size:8px;"">Hohe Zuverlässigkeit -&nbsp;</span><span style=""font-size:8px;"">6.000 Pa Schneelast (Testlast) • 4.000 Pa Windlast (Testlast)</span></li><li><span style=""font-size:8px;"">25 Jahre lineare Leistungsgarantie</span><span style=""font-size: 8px;"">&nbsp;</span></li></ul>";"<ul><li><span style=""font-size:8px;"">Modultyp:</span><span style=""font-size:8px;""> Vertex S+ Glas-Glas Full Black </span></li><li><span style=""font-size:8px;"">Brandschutz</span></li><li><span style=""font-size:8px;"">Leistung: 440 Wp</span></li><li><span style=""font-size:8px;"">Hervorragende Optik - </span><span style=""font-size:8px;"">Entwickelt mit Fokus auf Ästhetik</span><span style=""font-size:8px;"">, </span><span style=""font-size:8px;"">Hauchdünne, praktisch unsichtbare Leiterbahnen • Homogene Zellfarbe durch maschinelle Sortierung</span></li><li><span style=""font-size:8px;"">Kleine Maße, große Leistung - </span><span style=""font-size:8px;"">Bis zu 440 W Spitzenleistung, 21,3 % Modulwirkungsgrad mit High-Density Zellverbindungstechnologie, </span><span style=""font-size:8px;"">Multi-Busbar-Technologie für mehr Absorption, geringeren Serien- widerstand, verbesserte Stromableitung und erhöhte Zuverlässigkeit, </span><span style=""font-size:8px;"">Exzellentes Schwachlichtverhalten (IAM) durch optimierte Zellprozesse und Materialien</span></li><li><span style=""font-size:8px;"">Hohe Zuverlässigkeit - </span><span style=""font-size:8px;"">6.000 Pa Schneelast (Testlast) • 4.000 Pa Windlast (Testlast)</span></li><li><span style=""font-size:8px;"">25 Jahre Produktgarantie auf die Verarbeitung und 30 Jahre Leistungsgarantie</span></li></ul>";;;;;Stk;März 4, 2025, 19:46;product;PV Module TRN. 440 Wp-Full Black,Bifacial, Glas Glas (inkl. Montage);1;Vertex S+ / TRN PV‑Module 440Wp Glas‑Glas, bifazial — Produkt ist Modul (inkl. Montage angegeben, aber Modulcharakter bleibt).;0.99
001Tq000004FKnKIAW;12076672;59359;Photovoltaik;Photovoltaik;16.945;79,5;16;;1.272;GTWp_zm1EAA;;PV-Modul JA Solar 445 W, bifazial, Glas?Glas, Full Black (JAM54D41);PV-Modul JA Solar 445 W, bifazial, Glas‑Glas, Full Black (JAM54D41);;;"<ul><li>
<!--StartFragment--><!--StartFragment-->Gesamtleistung von 7,12 kWp</li><li>JA Solar 445 W</li></ul><ul><li>Bifaziales Glas-Glas Modul</li></ul><ul><li>FullBlack</li></ul><ul><li>(JAM54D41)</li></ul><ul><li>25 Jahre Produkt-Garantie &amp; 30 Jahre Leistungsgarantie (Herstellergarantie)</li></ul><div>
<!--StartFragment--><!--EndFragment-->

</div>";"<ul><li>
Gesamtleistung von 7,12 kWp</li><li>JA Solar 445 W</li></ul><ul><li>Bifaziales Glas-Glas Modul</li></ul><ul><li>FullBlack</li></ul><ul><li>(JAM54D41)</li></ul><ul><li>25 Jahre Produkt-Garantie &amp; 30 Jahre Leistungsgarantie (Herstellergarantie)</li></ul><div>


</div>";PV-Modul;;;;Stk;August 1, 2025, 22:28;product;PV-Modul JA Solar 445 W, bifazial, Glas?Glas, Full Black (JAM54D41);1;JA Solar Modul 445W, bifazial Glas‑Glas, FullBlack — klare Modulbeschreibung mit Wp‑Angabe.;0.99
001Tq000000nNTJIA2;10361850;54918;Photovoltaik;Photovoltaik Residential;19.488,85;110,6;22;;2.433,2;GM5SDjDNUAA;;AIKO Neostar 2S+ Glas-Glas;AIKO Neostar 2S+ Glas-Glas;;;<ul><li>Nennleistung: 455Wp<br />Modulwirkungsgrad: 22,8%</li><li>schwachlichtstarke N-Type Zelle<br /></li><li>Premium antireflektierendes Doppelglasmodul (2 x 2,0mm)</li><li>monokristalline Halbzellen mit All-Back-Contact Technologie</li><li>Leistungsgarantie: 30 Jahre auf 89% der Leistung</li><li>eloxierter Aluminiumrahmen schwarz</li><li>L-B-H: 1757 x 1134 x 30 mm</li></ul><p><b>Brandschutzsichere Glas-Glas Technologie</b></p><p><b>Full Black Optik durch ABC-Zellen</b></p><p><b>Exzellente Schwachlichtperformance</b></p><p><b>Weniger Leistungsreduktion bei Hitze</b></p>;<ul><li>Nennleistung: 460Wp</li><li>Modulwirkungsgrad: 22,8%</li><li>schwachlichtstarke N-Type Zelle<br /></li><li>Premium antireflektierendes Doppelglasmodul (2 x 2,0mm)</li><li>monokristalline Halbzellen mit All-Back-Contact Technologie</li><li>Leistungsgarantie: 30 Jahre auf 89% der Leistung</li><li>eloxierter Aluminiumrahmen schwarz</li><li>L-B-H: 1757 x 1134 x 30 mm</li></ul><p><b>Brandschutzsichere Glas-Glas Technologie</b></p><p><b>Full Black Optik durch ABC-Zellen</b></p><p><b>Exzellente Schwachlichtperformance</b></p><p><b>Weniger Leistungsreduktion bei Hitze</b></p>;Module;;;Trina;Stk;April 11, 2025, 16:09;product;AIKO Neostar 2S+ Glas-Glas;1;AIKO Neostar 2S+ Glas‑Glas Modul (455–460Wp angegeben), ABC‑Technologie, Full‑Black — eindeutig Photovoltaikmodul.;0.99
0013V00000awKDpQAM;13213574;43169;Photovoltaik;Photovoltaik mit Speicher;43.374,5;115;35;;4.025;GiyxNR3WcAA;;ODER: Solar Fabrik 450W S4 Trend Full Black, Doppelglas, bifazial;Solar Fabrik 450W S4 Trend Full Black, Doppelglas, bifazial;;;"<div><div><b>Solar Fabrik Mono S4 Halfcut, Trend Full Black Glas/Glas</b></div><p>Die Solar Fabrik Solarmodule bestechen durch hohe Effizienz, Sicherheit und Zuverlässigkeit. Die Produktgarantie und die Leistungsgarantie belaufen sich auf großzügige 30 Jahre. Sie sind somit im hohen Bereich angesiedelt. </p><p>Die höhere Leistung je Modul kommt durch größere Zellen zustande und führt in der Anwendung auch zu etwas größeren Modulmaßen. </p></div><div><div><b>Modulhersteller Solar Fabrik</b></div><p>Das familiengeführte Unternehmen aus Deutschland besticht durch langjährige Erfahrung im Solarmarkt, Sicherheit und Zuverlässigkeit. Die optisch ansprechenden Module mit deutscher Garantie befinden sich im gehobenen Leistungsbereich.</p></div><div><br class=""Apple-interchange-newline"" /></div>";"<div><div><b>Solar Fabrik Mono S4 Halfcut, Trend Full Black Glas/Glas</b></div><p>Die Solar Fabrik Solarmodule bestechen durch hohe Effizienz, Sicherheit und Zuverlässigkeit. Die Produktgarantie und die Leistungsgarantie belaufen sich auf großzügige 30 Jahre. Sie sind somit im hohen Bereich angesiedelt. </p><p>Die höhere Leistung je Modul kommt durch größere Zellen zustande und führt in der Anwendung auch zu etwas größeren Modulmaßen. </p></div><div><div><b>Modulhersteller Solar Fabrik</b></div><p>Das familiengeführte Unternehmen aus Deutschland besticht durch langjährige Erfahrung im Solarmarkt, Sicherheit und Zuverlässigkeit. Die optisch ansprechenden Module mit deutscher Garantie befinden sich im gehobenen Leistungsbereich.</p></div><div><br class=""Apple-interchange-newline"" /></div>";Module;;;Solar Fabrik;Stk;Oktober 10, 2025, 09:49;product;ODER: Solar Fabrik 450W S4 Trend Full Black, Doppelglas, bifazial;1;Solar Fabrik Modul 450W, Glas/Glas, bifazial, Full Black — Einzelmodul mit Wp‑Angabe und Modultechnologie.;0.99
001Tq000004ECiAIAW;13235012;59837;Photovoltaik;Photovoltaik;18.321,18;92,17;35;;3.225,95;GGnJ4VSY8AA;;Glas-Glas Solarmodul von Solar Fabrik GmbH, Fullblack;Solar Fabrik Glas Glas Modul;;;"<div>
<div><span style=""font-size:12px;"">Lieferung eines Solar Moduls der Firma Solar Fabrik vom Typ Glas/Glas mit schwarzem Rahmen und je 450 Wp.</span></div><div><span style=""font-size:12px;"">kWp: 15,75</span></div><div><span style=""font-size: 12px;"">Prognostizierte kWh/a: 11.100 kWh/a</span></div><div><span style=""font-size: 12px;"">Prognostizierte kWh/a nach 30 Jahren: 8.800 kWh/a</span></div></div><div>

</div>";"<div>
<div><span style=""font-size:12px;"">Lieferung eines Solar Moduls der Firma Solar FAbrik GmbH vom Typ Glas/Glas in schwarzer Ausführung und je 445 Wp.</span></div><div><br /></div></div><div>

</div>";Module;;;;Stk;Oktober 13, 2025, 06:42;product;Glas-Glas Solarmodul von Solar Fabrik GmbH, Fullblack;1;Lieferung eines Glas/Glas Solarmoduls mit Nennleistung ~450 Wp (kWp-Angabe vorhanden).;0.96
001Tq000003jHW1IAM;9637614;58726;Elektrotechnik;Elektrohandwerk;14.707,05;116,38;36;;4.189,68;GEaDgz7ZIAA;;TRINA SOLAR ;LUXOR SOLAR;;;"<div>
<!--StartFragment--><div>Luxor&nbsp;ECO LINE N-TYPE HJT
Glas-Glas Bifacial 440W — Bifacial, EVO2</div></div>";<div>TSM-440NEG9R.28 VERTEX S+</div><div>oder vergleichbares</div>;;;;;Stk;Februar 26, 2025, 22:33;product;TRINA SOLAR ;1;N-TYPE / HJT / Glas-Glas Bifacial 440W (TSM-440...), klar als PV-Modul beschrieben.;0.97
001Tq00000AgtK6IAJ;11507758;65227;Photovoltaik;Photovoltaik Balkonkraftwerk;1.024,7;122,15;2;;244,3;GS77Ch2usAA;;VIESSMANN Vitovolt 300-DG M445 AO blackframe;Jolywood bifazial 500W;;;<p>Full-Black Doppelglas Modul mit 500Wp</p><p>Abmaße in mm: 1960x1134x30<br>Gewicht: 27,3 kg</p>;<p>Hochwertiges PV-Modul mit modernster TOPCon-Technologie in Glas/Glas-Bauweise</p><ul><li>Leistung 445W</li><li>100% Plussortierung +0 bis +5W</li><li>25 Jahre Produktgarantie durch Hersteller</li><li>30 Jahre Leistungsgarantie durch Hersteller</li></ul><p>Abmaße in mm: 1762x1134x30</p><p><br /></p>;;;4067764443821.0;;Stk;Juni 30, 2025, 13:27;product;VIESSMANN Vitovolt 300-DG M445 AO blackframe;1;Vitovolt M445, TOPCon Glas/Glas Modul mit 445W – typisches PV-Modul.;0.98
0013V00000UhTXtQAN;10048236;34828;Photovoltaik;Photovoltaik mit Speicher;20.178,82;1,25;7,04;153;1.346,4;271093;271093.0;;;SOLARWATT Panel vision M 5.0 (445 Wp) black;SOLARWATT Panel vision M 5.0 (440 Wp) black;"<div>
30 Jahre Produkt-Garantie<br /></div><div>
30 Jahre Leistungs-Garantie
auf 90% Nennleistung gemäß Garantiebedingungen für
SOLARWATT Panel vision<br /><br /></div><div>
Produkteigenschaften:<br />• Leistung: 440Wp <br />• bifaziale TOPCon Halbzellen<br />• ammoniakbeständig
<br />• salznebelbeständig
<br />• großhagelbeständig

</div><div><br />

</div><div><br />

</div>";;;;;;;März 25, 2025, 05:56;service_wagegroup;;1;Beschrieben als SOLARWATT Panel 440–445 Wp, bifaziale TOPCon Halbzellen – obwohl als service_wagegroup gelistet, handelt es sich um ein PV-Modul.;0.85
001Tq00000949ynIAA;12291803;64769;Photovoltaik;Kontakt;9.525;4;650;;2.600;GL2adsorEAA;;Trina Vertex S + TSM-450NEG9R.28 - oder gleichwertig;Astronergy 235 watt Module Silver MC4 CHSM6610P-235;;;"
<p>gebrauchte Module ohne Garantie
 getestet und zum Gebrauch geeignet</p>";"<div>
<p>Produktvorteile:<br /></p></div><div><p>- Hochleistungs-Solarzellen</p><p>- 30 Jahre Leistungsgarantie und 25 Jahre Produktgarantie</p><p>Produkteigenschaften:</p><p>- Leistung: 450 Wp</p><p>- Zellart: monokristallin</p><p>- Farbe Rahmen: schwarz</p><p>- Systemspannung: 1500 V</p><p>- Abmessungen: 1134 x 30 x 1762 mm (BxHxL)</p><p>- Oberflächenbelastbarkeit: 5400 Pa (Schnee) / 4000 Pa (Wind)</p></div>";Solarmodule;;;Trina Solar;Stk;August 18, 2025, 06:16;product;Trina Vertex S + TSM-450NEG9R.28 - oder gleichwertig;1;Trina Vertex / TSM-450NEG9R.28, 450 Wp, monokristallines Solarmodul (Kategorie: Solarmodule).;0.97
001Tq000004ECiAIAW;11501507;59837;Photovoltaik;Photovoltaik;15.843,81;96,07;23;;2.209,61;GVV0KxQPQAA;;Solar Fabrik Glas Glas Modul;Solar Fabrik Glas Glas Modul;;;"<div><span style=""font-size: 12px;"">Lieferung eines Solar Moduls der Firma
Solar Fabrik vom Typ Glas/Glas mit
schwarzem Rahmen und je 445 Wp.</span></div>";"<div><span style=""font-size:12px;"">Lieferung eines Solar Moduls der Firma
Solar Fabrik vom Typ Glas/Glas mit
schwarzem Rahmen und je 450 Wp.</span></div>";;;;;Stk;Juni 30, 2025, 10:27;product;Solar Fabrik Glas Glas Modul;1;Solar Fabrik Glas/Glas Modul mit 445–450 Wp angegeben – eindeutiges PV-Modul.;0.96
0013V00000awKDpQAM;10800636;43169;Photovoltaik;Photovoltaik mit Speicher;2.750;110;5;;550;GiJCyOBWsAA;;Solar Fabrik 450 W S4 Trend White, bifazial, Glas/Glas;Solar Fabrik 450 W S4 Trend White, bifazial, Glas/Glas;;;<div><br /></div><div><div><b>Solar Fabrik Mono S4 Halfcut, Trend White</b></div><p>Die Solar Fabrik Solarmodule bestechen durch hohe Effizienz, Sicherheit und Zuverlässigkeit. Die Produktgarantie und die Leistungsgarantie belaufen sich auf großzügige 30 Jahre. Sie sind somit im hohen Bereich angesiedelt. Die höhere Leistung je Modul kommt durch größere Zellen zustande und führt in der Anwendung auch zu etwas größeren Modulmaßen. Je nach Einsatzzweck können also Montage oder BOS Kosten weiter reduziert werden. Mit der S4 Serie bauen wir unser Produktportfolio weiter aus.</p></div><div><br /></div>;<div><br /></div><div><div><b>Solar Fabrik Mono S4 Halfcut, Trend White</b></div><p>Die Solar Fabrik Solarmodule bestechen durch hohe Effizienz, Sicherheit und Zuverlässigkeit. Die Produktgarantie und die Leistungsgarantie belaufen sich auf großzügige 30 Jahre. Sie sind somit im hohen Bereich angesiedelt. Die höhere Leistung je Modul kommt durch größere Zellen zustande und führt in der Anwendung auch zu etwas größeren Modulmaßen. Je nach Einsatzzweck können also Montage oder BOS Kosten weiter reduziert werden. Mit der S4 Serie bauen wir unser Produktportfolio weiter aus.</p></div><div><br /></div>;Module;Eigene Artikel;;Solar Fabrik;Stk;Mai 14, 2025, 11:23;product;Solar Fabrik 450 W S4 Trend White, bifazial, Glas/Glas;1;Solar Fabrik S4 Halfcut, 450 Wp, Glas/Glas bifazial – klassisches PV-Modul.;0.98
001Tq00000QckIzIAJ;12427848;80756;Photovoltaik;Photovoltaik;2.130;1.950;1;;1.950;GpsSRsnQoAA;;Balkonkraftwerk mit 2.0kWp und 2.7kWh Speicher (Anker3);Balkonkraftwerk mit 2.000Wp und 2.700kWh Speicher (Material);;;"<div>
<div><div> </div></div></div><div><span style=""font-size:10px;""><b>Anker SOLIX Solarbank 3 E2700 Pro 2,688kWh Speicher inkl. Smart Meter únd 4 x 500W Modul</b></span><b style=""font-size:12px;""><br></b></div><div><b style=""font-size:12px;""><br></b></div><div><b style=""font-size:12px;""><span style=""font-size:10px;"">Bestehend aus:</span></b></div><div><div><b><span style=""font-size:10px;"">1 x Anker E2700Pro</span><span style=""font-size:12px;""><br></span></b></div><ul><li><span style=""font-size:10px;"">2,668kWh AIO Speichersystem für Balkonkraftwerke</span><span style=""font-size:12px;""><br></span></li><li><span style=""font-size:10px;"">Integrierter 800W-Wechselrichter</span><span style=""font-size:12px;""><br></span></li><li><span style=""font-size:10px;"">Auf bis zu 16kWh erweiterbar</span><span style=""font-size:12px;""><br></span></li><li><span style=""font-size:10px;"">4 Solarmodule anschließbar (8 Solarmodule mit Y-Verbinder)</span></li><li><span style=""font-size:10px;"">Ausgangsleistung: max. 1000 W</span></li></ul><p><span style=""font-size:10px;""><b>1 x Anker Smart Meter</b></span></p><ul><li><span style=""font-size:10px;"">Kompatibel mit Solarbank 3 E2700 Pro</span><span style=""font-size:12px;""><br></span></li><li><span style=""font-size:10px;"">Überwachung des Stromverbrauchs in Echtzeit</span><span style=""font-size:12px;""><br></span></li><li><span style=""font-size:10px;"">1-Watt-Anpassung für bedarfsgesteuerte Entladung des Speichers</span><span style=""font-size:12px;""><br></span></li><li><span style=""font-size:10px;"">Verbindung zum Stromzähler über WLAN, Bluetooth oder RS-485&nbsp;</span><span style=""font-size:12px;""><br></span></li><li><span style=""font-size:10px;"">Installation auf der Hutschiene</span><span style=""font-size:12px;""><br></span></li><li><span style=""font-size:10px;"">Überwachung des Stromverbrauchs mit Datenvisualisierung in der App</span><span style=""font-size:12px;""><br></span></li><li><span style=""font-size:10px;"">2 jährige Herstellergarantie</span><br style=""margin:0px;""></li></ul><p><span style=""font-size:12px;""><b><span style=""font-size:10px;"">4 x Ulica Solarmodul UL-500M-120BDGN / 500W oder vergleichbar</span><br></b></span><span style=""font-size:10px;"">Das bifaziale Design des Glas/Glas Moduls nutzt beide Seiten zur Energieerzeugung und maximiert so die Energieausbeute.</span></p></div><div><div><p><span style=""font-size:10px;""><b>Technische Details:</b></span></p></div></div><div><div><ul><li><span style=""font-size:10px;"">Solarmodul mit einer Nennleistung von 500 Watt</span></li><li><span style=""font-size:10px;"">22.59%&nbsp;</span><span style=""font-size:10px;"">Wirkungsgrad</span><span style=""font-size:12px;""><br></span></li><li><span style=""font-size:10px;"">Schneelasten: 5400 Pa</span><span style=""font-size:12px;""><br></span></li><li><span style=""font-size:10px;"">Windlast: 2400 Pa</span><span style=""font-size:12px;""><br></span></li><li><span style=""font-size:10px;"">Abmessungen: 1952 mm (L) x 1134 mm (B) x 30 mm (H)</span><span style=""font-size:12px;""><br></span></li><li><span style=""font-size:10px;"">Gewicht: 26.2 kg</span><span style=""font-size:12px;""><br></span></li><li><span style=""font-size:10px;"">Garantie: 30 Jahre</span><span style=""font-size:12px;""><br></span></li></ul><p><span style=""font-size:10px;""><b>1x Unterkonstruktion</b></span></p><ul><li><span style=""font-size:10px;"">Montagesystem von Verniprens</span><span style=""font-size:12px;""><br></span></li><li>Betonhalter 10-40° für Solarpanel 5x</li></ul></div></div>";"<div>
<div><div> </div></div></div><div><span style=""font-size:10px;""><b>Anker SOLIX Solarbank 3 E2700 Pro 2,688kWh Speicher inkl. Smart Meter únd 4 x 500W Modul</b></span><b style=""font-size:12px;""><br /></b></div><div><b style=""font-size:12px;""><br /></b></div><div><b style=""font-size:12px;""><span style=""font-size:10px;"">Bestehend aus:</span></b></div><div><div><b><span style=""font-size:10px;"">1 x Anker E2700Pro</span><span style=""font-size:12px;""><br /></span></b></div><ul><li><span style=""font-size:10px;"">2,668kWh AIO Speichersystem für Balkonkraftwerke</span><span style=""font-size:12px;""><br /></span></li><li><span style=""font-size:10px;"">Integrierter 800W-Wechselrichter</span><span style=""font-size:12px;""><br /></span></li><li><span style=""font-size:10px;"">Auf bis zu 16kWh erweiterbar</span><span style=""font-size:12px;""><br /></span></li><li><span style=""font-size:10px;"">4 Solarmodule anschließbar (8 Solarmodule mit Y-Verbinder)</span></li><li><span style=""font-size:10px;"">Ausgangsleistung: max. 1000 W</span></li></ul><p><span style=""font-size:10px;""><b>1 x Anker Smart Meter</b></span></p><ul><li><span style=""font-size:10px;"">Kompatibel mit Solarbank 3 E2700 Pro</span><span style=""font-size:12px;""><br /></span></li><li><span style=""font-size:10px;"">Überwachung des Stromverbrauchs in Echtzeit</span><span style=""font-size:12px;""><br /></span></li><li><span style=""font-size:10px;"">1-Watt-Anpassung für bedarfsgesteuerte Entladung des Speichers</span><span style=""font-size:12px;""><br /></span></li><li><span style=""font-size:10px;"">Verbindung zum Stromzähler über WLAN, Bluetooth oder RS-485 </span><span style=""font-size:12px;""><br /></span></li><li><span style=""font-size:10px;"">Installation auf der Hutschiene</span><span style=""font-size:12px;""><br /></span></li><li><span style=""font-size:10px;"">Überwachung des Stromverbrauchs mit Datenvisualisierung in der App</span><span style=""font-size:12px;""><br /></span></li><li><span style=""font-size:10px;"">2 jährige Herstellergarantie</span><br style=""margin:0px;"" /></li></ul><p><span style=""font-size:12px;""><b><span style=""font-size:10px;"">4 x Ulica Solarmodul UL-500M-120BDGN / 500W oder vergleichbar</span><br /></b></span><span style=""font-size:10px;"">Das bifaziale Design des Glas/Glas Moduls nutzt beide Seiten zur Energieerzeugung und maximiert so die Energieausbeute.</span></p></div><div><div><p><span style=""font-size:10px;""><b>Technische Details:</b></span></p></div></div><div><div><ul><li><span style=""font-size:10px;"">Solarmodul mit einer Nennleistung von 500 Watt</span></li><li><span style=""font-size:10px;"">22.59% </span><span style=""font-size:10px;"">Wirkungsgrad</span><span style=""font-size:12px;""><br /></span></li><li><span style=""font-size:10px;"">Schneelasten: 5400 Pa</span><span style=""font-size:12px;""><br /></span></li><li><span style=""font-size:10px;"">Windlast: 2400 Pa</span><span style=""font-size:12px;""><br /></span></li><li><span style=""font-size:10px;"">Abmessungen: 1952 mm (L) x 1134 mm (B) x 30 mm (H)</span><span style=""font-size:12px;""><br /></span></li><li><span style=""font-size:10px;"">Gewicht: 26.2 kg</span><span style=""font-size:12px;""><br /></span></li><li><span style=""font-size:10px;"">Garantie: 30 Jahre</span><span style=""font-size:12px;""><br /></span></li></ul><p><span style=""font-size:10px;""><b>1x Unterkonstruktion</b></span></p><ul><li><span style=""font-size:10px;"">Montagesystem von Schletter, Vernisol oder vergleichbar.</span><span style=""font-size:12px;""><br /></span></li><li><span style=""font-size:10px;"">ausgelegt auf die individuelle Dachkonstruktion</span><span style=""font-size:12px;""><br /></span></li><li><span style=""font-size:10px;"">langlebiges Aluminium- / Edelstahlgestell oder Betonsteine</span><span style=""font-size:12px;""><br /></span></li><li><span style=""font-size:10px;"">Zertifiziert für 50 Jahre Nutzungsdauer</span><span style=""font-size:12px;""><br /></span></li><li><span style=""font-size:10px;"">inkl. aller Aluminiumprofile, Klemmen, Edelstahlschrauben</span><span style=""font-size:12px;""><br /></span></li><li><span style=""font-size:10px;"">inkl. normgerechter Montage und normgerechter Unterkonstruktion</span><br /></li></ul></div></div>";;;;;Stk;August 26, 2025, 09:00;product;Balkonkraftwerk mit 2.0kWp und 2.7kWh Speicher (Anker3);1;Komplettes Balkonkraftwerk-Set (2.0 kWp) inklusive 4×500W Solarmodule und Speicher – PV-System (Stromerzeugungs-Einheit).;0.99
0013V00000irYvTQAU;9649424;53175;Photovoltaik;Photovoltaik;22.164,82;91;24;;2.184;GZTqk_tecAA;;Heckert Solarmodul NeMo 80M 4.2 Black edition 80 M MC4 400;Heckert Solarmodul NeMo 80M 4.2 Black edition 80 M MC4 400;;;<div><ul><li>Nennleistung 400 Wp</li><li>Monokristallines G12-Halbzellen-Solarmodul, 80-zellig</li><li>schwarzer Rahmen, schwarzes Backsheet, Modulrückseite weiß</li><li>Plussortiert 0/+4,99 Wp</li><li>2-Kabellösung für optimale Kombinierbarkeit und Flexibilität</li><li>MC4 Steckverbinder: Konformer Anschluss von Leistungsoptimierern möglich</li><li>25 Jahre Leistungsgewährleistung</li><li>15 Jahre Produktgarantie</li><li>Made in Germany</li></ul></div>;<div><ul><li>Nennleistung 400 Wp</li><li>Monokristallines G12-Halbzellen-Solarmodul, 80-zellig</li><li>schwarzer Rahmen, schwarzes Backsheet, Modulrückseite weiß</li><li>Plussortiert 0/+4,99 Wp</li><li>2-Kabellösung für optimale Kombinierbarkeit und Flexibilität</li><li>MC4 Steckverbinder</li><li>25 Jahre Leistungsgewährleistung</li><li>15 Jahre Produktgarantie</li><li>Made in Germany</li></ul></div>;Nachhaltige Energiesysteme;;;;Stk;Februar 27, 2025, 11:56;product;Heckert Solarmodul NeMo 80M 4.2 Black edition 80 M MC4 400;1;Heckert NeMo 80M, Nennleistung 400 Wp, monokristallines G12 Halbzellen-Modul – eindeutiges PV-Modul.;0.98
0013V00000irkLOQAY;12059328;53653;Photovoltaik;Projekt;16.748,2;290;12;;3.480;GmEQlP4B4AA;;Aiko Neostar 3S+ Glas/Glas Modul 475 Wp ;Aiko Neostar 3S+ Glas/Glas Modul 470Wp ;;;"<div>
<ul><li>Einzigartige Technologie zur Abschaltung einzelner Zellen: Bei Verschattungen wird der Stromfluss optimiert, indem nur die betroffenen Zellen deaktiviert werden, was Leistungsverluste auf nur 1,85 % reduziert </li><li>Maximale Leistung: 470 W</li><li>Modulwirkungsgrad: 23,5 %</li><li>Lineare Leistungsgarantie von 30 Jahren</li><li>Attraktives Design: Vollständig schwarzes Design (Full-Black)</li></ul><p><img src=""https://login.hero-software.de/files/img/n18cbmqxh40kk0s0"" alt=""Poster Aiko 3+ (594 x 600 mm) (594 x 1000 mm).png"" /><br /></p></div><div>

</div>";"<ul>
  <li>Einzigartige Technologie zur Abschaltung einzelner Zellen: Bei Verschattungen wird der Stromfluss optimiert, indem nur die betroffenen Zellen deaktiviert werden, was Leistungsverluste auf nur 1,85 % reduziert </li>
  <li>Maximale Leistung: 475 W</li>
  <li>Modulwirkungsgrad: 23,5 %</li>
  <li>Lineare Leistungsgarantie von 30 Jahren</li>
  <li>Attraktives Design: Vollständig schwarzes Design (Full-Black)</li>
</ul>

<div style=""margin-left:1mm;margin-top:-1mm;padding:0;max-width:300%;"">

 <img src=""https://login.hero-software.de/files/img/1sxwg1o62juskkocs"" alt=""NEW_CI_AIKO.png"" style=""margin-top:1mm;margin-left:-28%;max-width:175%;"" />
</div>
";Photovoltaik Module;;;AIKO;Modul(e);Juli 31, 2025, 20:29;product;Aiko Neostar 3S+ Glas/Glas Modul 475 Wp ;1;Einzelmodul Glas-Glas, 475 Wp, Full-Black (klarer PV-Modultyp);0.99
0013V00000e4p5XQAQ;10794030;46553;Photovoltaik;Photovoltaik;26.023,87;188,75;25;;4.718,75;FwCcRGqL4AA;;Solar Fabrik 420 W S4 Innovation Powerline N Glas/Glas;Solar Fabrik 420 W S4 Innovation Powerline N Glas/Glas;;;"<div>Nennleistung: 420 Watt
<br />Wirkungsgrad: 21,5 %
<br />30 Jahre Produkt &amp; Leistungsgarantie<br />Leerlaufspannung: 38,48 V
Kurzschlussstrom: 13,78 A
<br />Maximale Systemspannung: 1.500 V
Rückstrombelastbarkeit: 30 A 
Modulrahmen: Schwarz
<br />Maß: 1.722 x 1.134 x 30 mm<br />Gewicht: 23,7 kg
<br />Stecker / Buchse: MC4 kompatibel<br />Länge Anschlusskabel: 1,2 m
Leistungstemperaturkoeffizient: -0,30 % / °C
Schneelast: 5400 Pa</div>";"<div>Nennleistung: 420 Watt
<br />Wirkungsgrad: 21,5 %
<br />30 Jahre Produkt &amp; Leistungsgarantie<br />Leerlaufspannung: 38,48 V
Kurzschlussstrom: 13,78 A
<br />Maximale Systemspannung: 1.500 V
Rückstrombelastbarkeit: 30 A 
Modulrahmen: Schwarz
<br />Maß: 1.722 x 1.134 x 30 mm<br />Gewicht: 23,7 kg
<br />Stecker / Buchse: MC4 kompatibel<br />Länge Anschlusskabel: 1,2 m
Leistungstemperaturkoeffizient: -0,30 % / °C
Schneelast: 5400 Pa</div>";Module;Eigene Artikel;;Solar Fabrik;Stk;Mai 14, 2025, 08:21;product;Solar Fabrik 420 W S4 Innovation Powerline N Glas/Glas;1;Einzelmodul 420 Wp, Glas/Glas – typisches PV-Modul;0.99
0013V00000LLLtfQAH;11365902;22386;Photovoltaik;Kontakt;16.324,86;82;32;;2.624;GijHPSxNgAA;;TRINA Photovoltaikmodul Glas-Glas 455Wp Black/White 1762x1134x30mm;JA-Solar Photovoltaikmodul Black Frame 455Wp Glas-Glas / Bifazial 1762x1134x30mm;;;;;Handwerkzeuge - Energieverteilsysteme/Schaltanlagen;;;;STK;Juni 22, 2025, 07:27;product;TRINA Photovoltaikmodul Glas-Glas 455Wp Black/White 1762x1134x30mm;1;Photovoltaikmodul, 455 Wp Glas-Glas (produkterkennung trotz abweichender Drafts-Bezeichnung);0.98
0013V00000ezJpHQAU;8984094;50160;Elektrotechnik;Elektrohandwerk;7.657,42;71,7;14,24;2,2;2.246,22;F1e_2vVw0AA;148789.0; PV-Modul Longi HI-MO5m, LR5-54HIB, 405W, (B/B); PV-Modul Longi HI-MO5m, LR5-54HIB, 405W, (B/B);Lieferung und Anschließen von PV-Modulen;Lieferung und Anschließen von PV-Modulen;<div><div><div><div><p>405Wp -0/+5W, monokristalline Halb-Zellen, PID Resistenz, schwarzer Aluminiumrahmen, schwarze Rückseitenfolie,<br />MC4-EVO2 Stecker, 1722x1134x30mm, 21,5kg Longi Produktgarantie: 12 Jahre</p><p>Longi Leistungsgarantie: 25 Jahre Made in China</p></div></div></div></div>;<div><div><div><div><p>405Wp -0/+5W, monokristalline Halb-Zellen, PID Resistenz, schwarzer Aluminiumrahmen, schwarze Rückseitenfolie,<br />MC4-EVO2 Stecker, 1722x1134x30mm, 21,5kg Longi Produktgarantie: 12 Jahre</p><p>Longi Leistungsgarantie: 25 Jahre Made in China</p></div></div></div></div>;;;;;Stk;Januar 16, 2025, 14:17;service_product; PV-Modul Longi HI-MO5m, LR5-54HIB, 405W, (B/B);1;"Enthält ein Longi PV-Modul 405 Wp; Position ist kombiniert (Lieferung/Anschließen), Produktzweck ist Stromerzeugung";0.9
0013V00000irocuQAA;10615351;54744;Elektrotechnik;Energietechnik;23.531,39;79,75;48;;3.828;GNkWvNHa0AA;;Photovoltaikmodul;Photovoltaikmodul;;;<p>Trina Vertex S+ 450W</p><p>- Modulleistung: 450Wp</p><p>- Solarzellen: N-Typ i-TOPCon Modul </p><p>- Modulmaße: 1762x1134x30mm </p><p>- Doppelglas </p><p>- 5400Pa Schneelast </p><p>- 4000Pa Windlast </p><p>- 25 Jahre Produktgarantie </p><p>- 30 Jahre Leistungsgaranti </p><p>- N-Typ Technologie mit 1% Degradation im ersten Jahr und 0,4% in den Jahren 2-30 </p>;<p>Trina Vertex S+ 450W</p><p>- Modulleistung: 450Wp</p><p>- Solarzellen: N-Typ i-TOPCon Modul </p><p>- Modulmaße: 1762x1134x30mm </p><p>- Doppelglas </p><p>- 5400Pa Schneelast </p><p>- 4000Pa Windlast </p><p>- 25 Jahre Produktgarantie </p><p>- 30 Jahre Leistungsgaranti </p><p>- N-Typ Technologie mit 1% Degradation im ersten Jahr und 0,4% in den Jahren 2-30 </p>;;;;;Stk;Mai 2, 2025, 06:13;product;Photovoltaikmodul;1;Einzelmodul Trina Vertex S+ 450Wp, N‑Type i‑TOPCon Technologie, Doppelglas — klare Modulbeschreibung (Wp angegeben).;0.99
0013V00000PFpRGQA1;10003285;25649;Sanitär, Heizung & Klima;Kontakt;966,8;4,81;2;;9,62;FEedqwupoAA;;"Übergangsstück Sanpress/Profipress 22mm x  3/4""AG, Rotguss,m.Pressanschluss";"Übergangsstück Sanpress/Profipress 22mm x  3/4""AG, Rotguss,m.Pressanschluss";;;;;;;;;Stk;März 21, 2025, 07:44;product;"Übergangsstück Sanpress/Profipress 22mm x  3/4""AG, Rotguss,m.Pressanschluss";0;Sanitär-Übergangsstück (Fitting), kein PV-Modul;0.99
001Tq000004lJmbIAE;10024399;59129;Sanitär, Heizung & Klima;Kontakt;1.228,8;285,5;1;;285,5;Gfbm78yQwAA;;Durchlauferhitzer Stiebel Eltron DHB 18/21/24 ST Trend Wandmontage Druckfest Elektronisch;Durchlauferhitzer Stiebel Eltron DHB 18/21/24 ST Trend Wandmontage Druckfest Elektronisch;;;;;;;;;Stk;März 23, 2025, 23:24;product;Durchlauferhitzer Stiebel Eltron DHB 18/21/24 ST Trend Wandmontage Druckfest Elektronisch;0;Elektronischer Durchlauferhitzer (Haushaltsgerät), kein PV-Modul;0.99
0013V00000awKDpQAM;10036171;43169;Photovoltaik;Photovoltaik mit Speicher;28.804;30;1;;30;GhvQodg0sAA;;Maschineneinsatzpauschale Bohrhammer (inkl. Bohrer);Maschineneinsatzpauschale Bohrhammer;;;;;;;;;Tag(e);März 24, 2025, 11:40;product;Maschineneinsatzpauschale Bohrhammer (inkl. Bohrer);0;Maschineneinsatzpauschale / Serviceleistung, kein Produkt zur Stromerzeugung;0.99
0013V00000LKZv2QAH;10040642;19223;Sanitär, Heizung & Klima;Heizung;6.864,79;4,24;2;;8,48;E1ssmTIm8AA;;"Hahnverlaengerung  1/2"" x  20mm  DVGW Rotguss  m.konischem AG u.zylindr.IG";"Hahnverlaengerung  1/2"" x  20mm  DVGW Rotguss  m.konischem AG u.zylindr.IG";;;;;;;;;Stk;März 24, 2025, 13:53;product;"Hahnverlaengerung  1/2"" x  20mm  DVGW Rotguss  m.konischem AG u.zylindr.IG";0;Sanitärteil (Hahnverlängerung), kein PV-Modul;0.99
0013V00000j1v1AQAQ;10032353;35322;Elektrotechnik;Kontakt;368,53;29,89;2;;59,78;F3v5o88w4AA;;EGUtec Fi-Schalter 4-polig 40A 10kA 30mA;EGUtec Fi-Schalter 4-polig 40A 10kA 30mA;;;"<div></div><div>
<p>EGUtec Fehlerstromschutzschalter</p><p>Für 
Wechsel- und pulsierende Gleichfehlerströme Typ A, nach IEC/EN 61008-1, 
Bi-Connect-Klemme, Beschriftungsfenster, Anbau von Hilfsgeräten möglich,
 Befestigung auf Hutprofilschiene EN 60715 durch rastende 
Schnellbefestigung, eindeutige Schaltstellungsanzeige rot/grün am 
Schalthebel, Bemessungsfrequenz 50 Hz, Bemessungskurzschlussstrom 10 kA.</p><p>Polzahl: 4, unverzögert</p><p>Stoßstromfest bis 0,25 kA, Einbaubreite: 70 mm, 4 TE.</p><p>Bemessungsstrom 40 A</p><p>Bemessungsfehlerstrom 0,03 A</p>

</div><div><br /></div>";"<div></div><div>
<p>EGUtec Fehlerstromschutzschalter</p><p>Für 
Wechsel- und pulsierende Gleichfehlerströme Typ A, nach IEC/EN 61008-1, 
Bi-Connect-Klemme, Beschriftungsfenster, Anbau von Hilfsgeräten möglich,
 Befestigung auf Hutprofilschiene EN 60715 durch rastende 
Schnellbefestigung, eindeutige Schaltstellungsanzeige rot/grün am 
Schalthebel, Bemessungsfrequenz 50 Hz, Bemessungskurzschlussstrom 10 kA.</p><p>Polzahl: 4, unverzögert</p><p>Stoßstromfest bis 0,25 kA, Einbaubreite: 70 mm, 4 TE.</p><p>Bemessungsstrom 40 A</p><p>Bemessungsfehlerstrom 0,03 A</p>

</div><div><br /></div>";Verteilungsbau;;3414970812599.0;EGU Elektro-Großhandels Union;Stk;März 24, 2025, 09:58;product;EGUtec Fi-Schalter 4-polig 40A 10kA 30mA;0;Fehlerstromschutzschalter (elektrische Schutzkomponente), kein PV-Modul;0.99
0013V00000LKZm1QAH;10027968;16429;Sanitär, Heizung & Klima;Kontakt;1.337,86;11,24;2;;22,48;EtS6ZSfUMAA;;comfort Thermostatkopf Typ LH weiß;comfort Thermostatkopf Typ LH weiß;;;;;;;4026755429329.0;;Stk;März 24, 2025, 08:02;product;comfort Thermostatkopf Typ LH weiß;0;Thermostatkopf für Heizungsregelung – reines Heizungs-/Sanitärbauteil, kein PV-Modul.;0.99
0013V00000LKZF1QAP;10020444;6699;Sanitär, Heizung & Klima;Kontakt;164,79;6,5;1;;6,5;D881cnxOwAA;;Kohlenmonoxid-Kontrollmessung (CO);Kohlenmonoxid-Kontrollmessung (CO);;;;;;;;;x;März 22, 2025, 20:42;product;Kohlenmonoxid-Kontrollmessung (CO);0;Kontrollmessung (Dienstleistung) zur CO‑Prüfung – Service, kein PV-Modul.;0.99
001Tq00000FGQ2oIAH;10037769;68763;Sanitär, Heizung & Klima;Heizung;1.077,84;23,46;1;1;23,46;GaBR_Ssc4AA;383251.0;CARE 221 SM 94 Heizkesselreiniger 500ml Spraydose für ölbeheizte Kessel CONEL;CARE 221 SM 94 Heizkesselreiniger 500ml Spraydose für ölbeheizte Kessel CONEL;Wartungsset;Wartungsset;;;;;;;Stk;März 24, 2025, 12:28;service_product;CARE 221 SM 94 Heizkesselreiniger 500ml Spraydose für ölbeheizte Kessel CONEL;0;Reinigungs-/Chemieprodukt für Heizkessel – Verbrauchsmaterial, kein PV-Modul.;0.99
0013V00000auDcBQAU;10017589;42473;Sanitär, Heizung & Klima;Projekt;4.255,96;0,72;1;960;688,03;381832;381832.0;;;Balkonboden Ausbau;Balkonboden Aufbau;;;;;;;;März 22, 2025, 07:03;service_wagegroup;;0;Dienstleistung (Balkonboden Ausbau/Aufbau) – Service/Arbeitsposition, kein PV-Modul.;0.98
0013V00000j439nQAA;10013352;52859;Sanitär, Heizung & Klima;;350;350;1;;350;GhmYrxGpIAA;;Wiederherstellung Wandoberfläche ;Wiederherstellung Wandoberfläche ;;;<div><p></p><ol><li><p>Vorbereitende Arbeiten:</p><ul><li>Entfernung von beschädigtem Putz und Reinigung der Oberfläche.</li></ul></li><li><p>Verputzen der Wand:</p><ul><li>Auftragen einer geeigneten Grundierung und anschließendes Verputzen der geschlitzten Bereiche.</li></ul></li><li><p>Tapezieren:</p><ul><li>Anbringen einer hochwertigen Raufaser-Tapete.</li></ul></li><li><p>Streichen:</p><ul><li>Zwei Anstriche mit hochwertiger Wandfarbe nach Wahl des Kunden.</li></ul></li><li><p>Reinigung und Abnahme:</p><ul><li>Endreinigung der Arbeitsfläche und Abnahme durch den Kunden.</li></ul></li></ol></div>;<div><p></p><ol><li><p>Vorbereitende Arbeiten:</p><ul><li>Entfernung von beschädigtem Putz und Reinigung der Oberfläche.</li></ul></li><li><p>Verputzen der Wand:</p><ul><li>Auftragen einer geeigneten Grundierung und anschließendes Verputzen der geschlitzten Bereiche.</li></ul></li><li><p>Tapezieren:</p><ul><li>Anbringen einer hochwertigen Raufaser-Tapete.</li></ul></li><li><p>Streichen:</p><ul><li>Zwei Anstriche mit hochwertiger Wandfarbe nach Wahl des Kunden.</li></ul></li><li><p>Reinigung und Abnahme:</p><ul><li>Endreinigung der Arbeitsfläche und Abnahme durch den Kunden.</li></ul></li></ol></div>;;;;;m²;März 21, 2025, 13:10;product;Wiederherstellung Wandoberfläche ;0;Sanierungsleistung / Wiederherstellungsarbeiten an Wänden – Dienstleistung, kein PV-Modul.;0.98
0013V00000PFpRGQA1;10003285;25649;Sanitär, Heizung & Klima;Kontakt;966,8;0,87;14;;12,18;FEeRJctpoAA;;CONEL FLEX PE Schlauchisolierung 50% 15x14mm angeschlitzt 2m;CONEL FLEX PE Schlauchisolierung 50% 15x14mm angeschlitzt 2m;;;;;;;;;m;März 21, 2025, 07:44;product;CONEL FLEX PE Schlauchisolierung 50% 15x14mm angeschlitzt 2m;0;Schlauchisolierung (Material) – Montagezubehör/Isolierung, kein PV-Modul.;0.99
0013V00000Z5jMEQAZ;10020047;39677;Sanitär, Heizung & Klima;Kontakt;680,08;15;1;;15;FfV73MlJ0AA;;Kleinmaterial;Kleinmaterial;;;;;;;;;Stk;März 22, 2025, 17:32;product;Kleinmaterial;0;Generisches Kleinmaterial – Verbrauchs-/Montagematerial, kein PV-Modul.;0.95
0013V00000LKZv2QAH;10040642;19223;Sanitär, Heizung & Klima;Heizung;6.864,79;9,97;1;;9,97;E1sqNoWm8AA;;"TRINNITY Trinkwasser Kugelhahn 1/2"" IG, PN 40, mess., Hebelgriff grün, DVGW";"TRINNITY Trinkwasser Kugelhahn 1/2"" IG, PN 40, mess., Hebelgriff grün, DVGW";;;;;;;;;Stk;März 24, 2025, 13:53;product;"TRINNITY Trinkwasser Kugelhahn 1/2"" IG, PN 40, mess., Hebelgriff grün, DVGW";0;Kugelhahn / Armatur für Trinkwasserinstallation – Sanitärkomponente, kein PV-Modul.;0.99
0013V00000Z5jMEQAZ;10020047;39677;Sanitär, Heizung & Klima;Kontakt;680,08;7,65;1;;7,65;FfV_6AsvoAA;;Schutzrohr 63mm;Schutzrohr 63mm;;;;;;;;;m;März 22, 2025, 17:32;product;Schutzrohr 63mm;0;Schutzrohr (Kabelschutz/Installationsrohr) – Installationseinzelteil, kein PV-Modul.;0.99
0013V00000j2s32QAA;10016301;52128;Photovoltaik;;2.600;65;40;;2.600;GKBxTQu-IAA;;Anmeldung  ;Leads | Kundenkontakte ;;;<p><b>wir verweisen auf Ihren Handelsvertretervertrag</b></p><p><br></p><p><br></p>;<p><b>Folgende Leistungen sind enthalten:</b></p><p>- Netzverträglichkeitsprüfung über 30 kWp</p><p>- Anmeldung beim Energieversorger </p><p>- Marktstammdatenregister Eintragung</p><p><br /></p><p><b>Nicht enthalten in dieser Position:</b></p><p>Antragstellung für:</p><p>- Dynamischen Stromtarif</p><p>- Flexibilitätsvermarktung</p><p><br /></p><p>Für benannte Antragstellungen steht unseren Kunden das Kundenportal zur Verfügung.</p><p><br /></p><p><br /></p>;TAB;;;;Stk;März 21, 2025, 16:40;product;Anmeldung  ;0;Anmeldeservice (Netzverträglichkeitsprüfung, Anmeldung, Marktstammdatenregister) – Dienstleistung/Verwaltung, kein PV-Modul.;0.96
0013V00000e8124QAA;10012727;47299;Photovoltaik;Projekt;12.970;50;3;;150;GXmKp958QAA;;BRC Optimierer;BRC Optimierer;;;;;;;;;Stk;März 21, 2025, 12:43;product;BRC Optimierer;0;Leistungsoptimierer (BRC) — elektrisches PV‑Zubehör/Optimierer, kein Modul;0.95
001Tq0000053jvUIAQ;10018271;60562;Photovoltaik;Projekt;25.575,9;3.840;1;;3.840;GDzZmaxtgAA;;Elektrischer Anschluss DC / AC;Elektrischer Anschluss bis 30 kwp;;;;;Elektrische Installation;;;;pauschal;März 22, 2025, 09:59;product;Elektrischer Anschluss DC / AC;0;Elektrische Installationsleistung (Anschluss bis 30 kWp) — Dienstleistung, kein Modul;0.9
0013V00000LKZF1QAP;10021013;6699;Sanitär, Heizung & Klima;;1.204,07;106,42;1;;106,42;ENYiEsppEAA;;Brennerdichtung BUDERUS GB 162-15/25 mit Gas-Luftverteilerplatte ;Brennerdichtung BUDERUS GB 162-15/25 mit Gas-Luftverteilerplatte ;;;;;;;;BUDERUS;Stk;März 23, 2025, 09:06;product;Brennerdichtung BUDERUS GB 162-15/25 mit Gas-Luftverteilerplatte ;0;Ersatzteil für Brenner/Heizung (Buderus) — kein PV‑Modul;0.99
001Tq0000085RfjIAE;10027889;63406;Photovoltaik;Photovoltaik;5.830,06;225;1;;225;GLRxO0EfwAA;;Kleinmaterial, Befestigung und Vertratung;Kleinmaterial, Befestigung und Verdratung;;;;;;;;;Stk;März 24, 2025, 08:00;product;Kleinmaterial, Befestigung und Vertratung;0;Kleinmaterial und Befestigungs-/Verkabelungsmaterial — Montagezubehör, kein Modul;0.9
0013V00000LKZv2QAH;10040642;19223;Sanitär, Heizung & Klima;Heizung;6.864,79;94,65;1;;94,65;E1sq8ccm8AA;;COSMO Kontroll-Rohr flexibel DN 80;COSMO Kontroll-Rohr flexibel DN 80;;;;;;;;;Stk;März 24, 2025, 13:53;product;COSMO Kontroll-Rohr flexibel DN 80;0;Rohr/Installationskomponente für SHK — kein PV‑Modul;0.99
0013V00000e8124QAA;10012590;47299;Photovoltaik;Projekt;29.700;350;1;;350;FqO9Op47YAA;;Anmeldung beim Netzbetreiber;Anmeldung beim Netzbetreiber;;;<ul><li>Netzverträglichkeitsanfrage</li><li>Anmeldung beim NetzB.</li><li>Übermittlung der Fertigstellungsmeldung</li><li>Inbetriebnahme und Kundeneinweisung in die Anlage</li></ul>;<ul><li>Netzverträglichkeitsanfrage</li><li>Anmeldung beim NetzB.</li><li>Übermittlung der Fertigstellungsmeldung</li><li>Inbetriebnahme und Kundeneinweisung in die Anlage</li></ul>;Abwicklung;;;;Stk;März 21, 2025, 12:39;product;Anmeldung beim Netzbetreiber;0;Verwaltungs-/Abwicklungsleistung (Netzbetreiberanmeldung) — Dienstleistung, kein Modul;0.99
001Tq000001x1PRIAY;10030646;56255;Sonstiges;Kontakt;13.636,48;0;1;;0;GGJkW5mYAAA;;Anteilige Lohnkosten gemäß § 35a Abs.3 EStG;Anteilige Lohnkosten gemäß § 35a Abs.3 EStG;;;Im Rechnungsbetrag sind anteilige Lohnkosten vor Ort incl. An- und Abfahrt gemäß § 35a Abs.3 EStG in Höhe von Euro 3.350,00 zzgl 0% MWSt Summe Euro 3.350,00 enthalten.;Im Rechnungsbetrag sind anteilige Lohnkosten vor Ort incl. An- und Abfahrt gemäß § 35a Abs.3 EStG in Höhe von Euro ... zzgl 0% MWSt Summe Euro ... enthalten.;;;;;Stk;März 24, 2025, 09:12;product;Anteilige Lohnkosten gemäß § 35a Abs.3 EStG;0;Personalkosten/Lohnkosten — Dienstleistungsposition, kein PV‑Modul;0.99
0013V00000LKZv2QAH;10040642;19223;Sanitär, Heizung & Klima;Heizung;6.864,79;8,5;1;;8,5;a9ae5692-eb26-4eb6-b758-2bed3c80f79e;;;Mörtel ;;;;;;;;;;März 24, 2025, 13:53;product;;0;Baustoff (Mörtel) — Material für Bau/Installation, kein PV‑Modul;0.95
0013V00000LKZOmQAP;10010119;9835;Sanitär, Heizung & Klima;Badezimmer komplett;59.133,77;6,1;1;;6,1;EVqZbmuNUAA;;Montageset f. Wand-WC/WD-Bidet m.geringem Schallschutz TRINNITY;Montageset f. Wand-WC/WD- Bidet mit geringem Schallschutz TRINNITY;;;;;;;;;Stk;März 21, 2025, 11:07;product;Montageset f. Wand-WC/WD-Bidet m.geringem Schallschutz TRINNITY;0;Sanitär-Montageset — kein PV‑Modul;0.99
001Tq000003HW3NIAW;10043428;58072;Sanitär, Heizung & Klima;;258,98;0,75;2;60;90;271151;271151.0;;;Lehrling 2. Lehrjahr;Lehrling 2. Lehrjahr;;;;;;;;März 24, 2025, 15:14;service_wagegroup;;0;Lohn-/Personalposition (Lehrling) — Dienstleistungsposition, kein PV‑Modul;0.99
0013V00000e8124QAA;10012727;47299;Photovoltaik;Projekt;12.970;2.550;1;;2.550;FqO8QYVOUAA;;AC-Installation ;AC-Installation ;;;<ul><li>Montage Wechselrichter</li><li>Installation Smart-Meter</li><li>elektr. Installation der PV-Anlage</li><li>Inbetriebnahme</li><li>erstellen von Messprotokollen und Dokumentation</li></ul>;<ul><li>Montage Wechselrichter</li><li>Installation Smart-Meter</li><li>elektr. Installation der PV-Anlage</li><li>erstellen von Messprotokollen und Dokumentation</li></ul>;Abwicklung;;;;Stk;März 21, 2025, 12:43;product;AC-Installation ;0;Reine elektrische Dienstleistung (Montage Wechselrichter, Installation Smart‑Meter, Inbetriebnahme, Dokumentation) – kein PV‑Modul/Set.;0.95
0013V00000LKZv2QAH;10040642;19223;Sanitär, Heizung & Klima;Heizung;6.864,79;38,05;1;;38,05;E1q-Y_ibcAA;;Brandschutzmanschette CONEL FLAM Abm.32 Rohr 1-39mm inkl.Dämm.b.gerad.Durchfü.;Brandschutzmanschette CONEL FLAM Abm.32 Rohr 1-39mm inkl.Dämm.b.gerad.Durchfü.;;;;;;;;;Stk;März 24, 2025, 13:53;product;Brandschutzmanschette CONEL FLAM Abm.32 Rohr 1-39mm inkl.Dämm.b.gerad.Durchfü.;0;Bauliches Zubehör/Brandschutzmanschette für Rohrdurchführungen – kein PV‑Modul.;0.9
0013V00000iqxpUQAQ;10028420;52688;Sanitär, Heizung & Klima;Kontakt;30.774,61;51,92;1;1;51,92;F-_1H62dMAA;176902.0;IS Ausdehnungsgefäß Contraflex CF 12 L. ÄNDERN AUF HOLTER CONCEPT;"IS Ausdehnungsgefäß Contraflex CF 12 L. 3/4"" AG, VD 1,5 bar, BD 3 bar";Sicherheitswärmetauscher inkl. Zubehör;Sicherheitswärmetauscher inkl. Zubehör;;;;;;;Stk;März 24, 2025, 08:15;service_product;IS Ausdehnungsgefäß Contraflex CF 12 L. ÄNDERN AUF HOLTER CONCEPT;0;Ausdehnungsgefäß/Heizungs-/Sanitärkomponente – kein PV‑Modul.;0.95
0013V00000PFpRGQA1;10003285;25649;Sanitär, Heizung & Klima;Kontakt;966,8;7,92;2;;15,84;FEedrKIpoAA;;"Wandscheibe Sanpress/Profipress 15mm x   1/2""IG,m.Pressanschluss,Rotguss";"Wandscheibe Sanpress/Profipress 15mm x   1/2""IG,m.Pressanschluss,Rotguss";;;;;;;;;Stk;März 21, 2025, 07:44;product;"Wandscheibe Sanpress/Profipress 15mm x   1/2""IG,m.Pressanschluss,Rotguss";0;Montage-/Sanitärzubehör (Wandscheibe) – kein Photovoltaik‑Modul.;0.9
